{
    "-65b46629Mutex": 1,
    "34adfwefadf99439": 2,
    "A96DB065-2343A2EC-6F235135-44232F23-2EFEA1F54": 3,
    "ADVAPI32.DLL": 4,
    "ADVAPI32.dll": 5,
    "API-MS-WIN-Service-Management-L1-1-0.dll": 6,
    "API-MS-WIN-Service-Management-L2-1-0.dll": 7,
    "API-MS-WIN-Service-winsvc-L1-1-0.dll": 8,
    "API-MS-Win-Core-LocalRegistry-L1-1-0.dll": 9,
    "API-MS-Win-Security-LSALookup-L1-1-0.dll": 10,
    "API-MS-Win-Security-SDDL-L1-1-0.dll": 11,
    "AdvApi32.dll": 12,
    "Advapi32.dll": 13,
    "BC92B03BB503393FF9B8FA": 14,
    "C:\\Program Files (x86)\\Google\\Update\\1.3.36.32\\goopdate.dll": 15,
    "C:\\Program Files (x86)\\\\Common Files\\microsoft shared\\ink\\en-US\\mip.exe.mui": 16,
    "C:\\Program Files (x86)\\\\Internet Explorer\\en-US\\iexplore.exe.mui": 17,
    "C:\\Program Files (x86)\\\\Internet Explorer\\ieinstal.exe": 18,
    "C:\\Program Files (x86)\\\\Windows Mail\\en-US\\WinMail.exe.mui": 19,
    "C:\\Program Files (x86)\\\\Windows Mail\\wab.exe": 20,
    "C:\\Program Files\\Internet Explorer\\ieproxy.dll": 21,
    "C:\\Users\\ADMINI~1\\AppData\\Local\\Temp\\_MEI27282\\_lzma.pyd": 22,
    "C:\\Users\\ADMINI~1\\AppData\\Local\\Temp\\_MEI27282\\ucrtbase.dll": 23,
    "C:\\Users\\ADMINI~1\\AppData\\Local\\Temp\\nsa2FAD.tmp\\System.dll": 24,
    "C:\\Users\\ADMINI~1\\AppData\\Local\\Temp\\{042d26ef-3dbe-4c25-95d3-4c1b11b235a7}\\.ba1\\wixstdba.dll": 25,
    "C:\\Users\\Administrator\\AppData\\Local\\Temp\\dwmapi.dll": 26,
    "C:\\Windows\\Microsoft.NET\\Framework64\\v2.0.50727\\Gdiplus.dll": 27,
    "C:\\Windows\\Microsoft.NET\\Framework64\\v2.0.50727\\VERSION.dll": 28,
    "C:\\Windows\\Microsoft.NET\\Framework64\\v2.0.50727\\alink.dll": 29,
    "C:\\Windows\\Microsoft.NET\\Framework64\\v2.0.50727\\culture.dll": 30,
    "C:\\Windows\\Microsoft.NET\\Framework64\\v2.0.50727\\mscordacwks.dll": 31,
    "C:\\Windows\\Microsoft.NET\\Framework64\\v2.0.50727\\mscorjit.dll": 32,
    "C:\\Windows\\Microsoft.NET\\Framework64\\v2.0.50727\\mscorsec.dll": 33,
    "C:\\Windows\\Microsoft.NET\\Framework64\\v2.0.50727\\mscorwks.dll": 34,
    "C:\\Windows\\Microsoft.NET\\Framework64\\v2.0.50727\\ole32.dll": 35,
    "C:\\Windows\\Microsoft.NET\\Framework\\v2.0.50727\\Gdiplus.dll": 36,
    "C:\\Windows\\Microsoft.NET\\Framework\\v2.0.50727\\OLEAUT32.dll": 37,
    "C:\\Windows\\Microsoft.NET\\Framework\\v2.0.50727\\VERSION.dll": 38,
    "C:\\Windows\\Microsoft.NET\\Framework\\v2.0.50727\\alink.dll": 39,
    "C:\\Windows\\Microsoft.NET\\Framework\\v2.0.50727\\culture.dll": 40,
    "C:\\Windows\\Microsoft.NET\\Framework\\v2.0.50727\\diasymreader.dll": 41,
    "C:\\Windows\\Microsoft.NET\\Framework\\v2.0.50727\\mscordacwks.dll": 42,
    "C:\\Windows\\Microsoft.NET\\Framework\\v2.0.50727\\mscorjit.dll": 43,
    "C:\\Windows\\Microsoft.NET\\Framework\\v2.0.50727\\mscorwks.dll": 44,
    "C:\\Windows\\Microsoft.NET\\Framework\\v2.0.50727\\ole32.dll": 45,
    "C:\\Windows\\System32\\cscui.dll": 46,
    "C:\\Windows\\System32\\davclnt.dll": 47,
    "C:\\Windows\\System32\\drprov.dll": 48,
    "C:\\Windows\\System32\\mswsock.dll": 49,
    "C:\\Windows\\System32\\ntlanman.dll": 50,
    "C:\\Windows\\System32\\winrnr.dll": 51,
    "C:\\Windows\\System32\\wship6.dll": 52,
    "C:\\Windows\\System32\\wshtcpip.dll": 53,
    "C:\\Windows\\Temp\\{04C727F8-3DEB-4AD7-8AD9-B5ACE7F6F15F}\\.ba\\PythonBA.dll": 54,
    "C:\\Windows\\Temp\\{55DF5C6E-D08A-46B3-8374-47E370127825}\\.ba\\bafunctions.dll": 55,
    "C:\\Windows\\WinSxS\\amd64_microsoft.windows.gdiplus_6595b64144ccf1df_1.1.7601.17514_none_2b24536c71ed437a\\gdiplus.dll": 56,
    "C:\\Windows\\WinSxS\\x86_microsoft.windows.gdiplus_6595b64144ccf1df_1.1.7601.17514_none_72d18a4386696c80\\gdiplus.dll": 57,
    "C:\\Windows\\assembly\\GAC_32\\System.Data\\2.0.0.0__b77a5c561934e089\\System.Data.dll": 58,
    "C:\\Windows\\assembly\\GAC_64\\PresentationCore\\3.0.0.0__31bf3856ad364e35\\MSVCR80.dll": 59,
    "C:\\Windows\\assembly\\GAC_64\\PresentationCore\\3.0.0.0__31bf3856ad364e35\\urlmon.dll": 60,
    "C:\\Windows\\assembly\\GAC_64\\System.Data\\2.0.0.0__b77a5c561934e089\\System.Data.dll": 61,
    "C:\\Windows\\assembly\\GAC_MSIL\\Microsoft.MediaCenter.UI\\6.1.0.0__31bf3856ad364e35\\ehuihlp.dll": 62,
    "C:\\Windows\\assembly\\GAC_MSIL\\System.Windows.Forms\\2.0.0.0__b77a5c561934e089\\Powrprof.dll": 63,
    "C:\\Windows\\assembly\\GAC_MSIL\\System.Windows.Forms\\2.0.0.0__b77a5c561934e089\\comctl32.dll": 64,
    "C:\\Windows\\assembly\\GAC_MSIL\\System.Windows.Forms\\2.0.0.0__b77a5c561934e089\\oleaut32.dll": 65,
    "C:\\Windows\\assembly\\GAC_MSIL\\System.Windows.Forms\\2.0.0.0__b77a5c561934e089\\shell32.dll": 66,
    "C:\\Windows\\assembly\\GAC_MSIL\\System.Windows.Forms\\2.0.0.0__b77a5c561934e089\\uxtheme.dll": 67,
    "C:\\Windows\\assembly\\GAC_MSIL\\System\\2.0.0.0__b77a5c561934e089\\rasapi32.dll": 68,
    "C:\\Windows\\assembly\\GAC_MSIL\\System\\2.0.0.0__b77a5c561934e089\\shell32.dll": 69,
    "C:\\Windows\\assembly\\GAC_MSIL\\System\\2.0.0.0__b77a5c561934e089\\ws2_32.dll": 70,
    "C:\\Windows\\assembly\\GAC_MSIL\\WindowsBase\\3.0.0.0__31bf3856ad364e35\\uxtheme.dll": 71,
    "C:\\Windows\\assembly\\NativeImages_v2.0.50727_32\\Microsoft.VisualBas#\\08d608378aa405adc844f3cf36974b8c\\Microsoft.VisualBasic.ni.dll": 72,
    "C:\\Windows\\assembly\\NativeImages_v2.0.50727_32\\System.Configuratio#\\f02737c83305687a68c088927a6c5a98\\System.Configuration.Install.ni.dll": 73,
    "C:\\Windows\\assembly\\NativeImages_v2.0.50727_32\\System.Configuration\\bc09ad2d49d8535371845cd7532f9271\\System.Configuration.ni.dll": 74,
    "C:\\Windows\\assembly\\NativeImages_v2.0.50727_32\\System.Data\\1e85062785e286cd9eae9c26d2c61f73\\System.Data.ni.dll": 75,
    "C:\\Windows\\assembly\\NativeImages_v2.0.50727_32\\System.Drawing\\dbfe8642a8ed7b2b103ad28e0c96418a\\System.Drawing.ni.dll": 76,
    "C:\\Windows\\assembly\\NativeImages_v2.0.50727_32\\System.Runtime.Seri#\\0728af1479c3388cadf85ccfc2b12582\\System.Runtime.Serialization.Formatters.Soap.ni.dll": 77,
    "C:\\Windows\\assembly\\NativeImages_v2.0.50727_32\\System.ServiceProce#\\20008c75bb41e2febf84d4d4aea5b4e8\\System.ServiceProcess.ni.dll": 78,
    "C:\\Windows\\assembly\\NativeImages_v2.0.50727_32\\System.Windows.Forms\\3afcd5168c7a6cb02eab99d7fd71e102\\System.Windows.Forms.ni.dll": 79,
    "C:\\Windows\\assembly\\NativeImages_v2.0.50727_32\\System.Xml\\461d3b6b3f43e6fbe6c897d5936e17e4\\System.Xml.ni.dll": 80,
    "C:\\Windows\\assembly\\NativeImages_v2.0.50727_32\\System\\9e0a3b9b9f457233a335d7fba8f95419\\System.ni.dll": 81,
    "C:\\Windows\\assembly\\NativeImages_v2.0.50727_32\\mscorlib\\62a0b3e4b40ec0e8c5cfaa0c8848e64a\\mscorlib.ni.dll": 82,
    "C:\\Windows\\assembly\\NativeImages_v2.0.50727_64\\Microsoft.VisualBas#\\684eae3bcd28cb6d1e6997e6497056e2\\Microsoft.VisualBasic.ni.dll": 83,
    "C:\\Windows\\assembly\\NativeImages_v2.0.50727_64\\System.Configuration\\091b931d0f6408001747dbbbb05dbe66\\System.Configuration.ni.dll": 84,
    "C:\\Windows\\assembly\\NativeImages_v2.0.50727_64\\System.Core\\83e2f6909980da7347e7806d8c26670e\\System.Core.ni.dll": 85,
    "C:\\Windows\\assembly\\NativeImages_v2.0.50727_64\\System.Data\\accc3a5269658c8c47fe3e402ac4ac1c\\System.Data.ni.dll": 86,
    "C:\\Windows\\assembly\\NativeImages_v2.0.50727_64\\System.Drawing\\5910828a337dbe848dc90c7ae0a7dee2\\System.Drawing.ni.dll": 87,
    "C:\\Windows\\assembly\\NativeImages_v2.0.50727_64\\System.Runtime.Remo#\\0fde44651bdf14a3988b955dd94aa318\\System.Runtime.Remoting.ni.dll": 88,
    "C:\\Windows\\assembly\\NativeImages_v2.0.50727_64\\System.ServiceProce#\\df4cc33bfe326b259eeef086451a2528\\System.ServiceProcess.ni.dll": 89,
    "C:\\Windows\\assembly\\NativeImages_v2.0.50727_64\\System.Windows.Forms\\6c352ff9e3603b0e69d969ff7e7632f5\\System.Windows.Forms.ni.dll": 90,
    "C:\\Windows\\assembly\\NativeImages_v2.0.50727_64\\System.Xml\\ee795155543768ea67eecddc686a1e9e\\System.Xml.ni.dll": 91,
    "C:\\Windows\\assembly\\NativeImages_v2.0.50727_64\\System\\adff7dd9fe8e541775c46b6363401b22\\System.ni.dll": 92,
    "C:\\Windows\\assembly\\NativeImages_v2.0.50727_64\\WindowsBase\\40864f42b00635e6fa6ce8da88d9ab83\\WindowsBase.ni.dll": 93,
    "C:\\Windows\\assembly\\NativeImages_v2.0.50727_64\\mscorlib\\9469491f37d9c35b596968b206615309\\mscorlib.ni.dll": 94,
    "C:\\Windows\\system32\\CRYPT32.dll": 95,
    "C:\\Windows\\system32\\DUser.dll": 96,
    "C:\\Windows\\system32\\DWMAPI.dll": 97,
    "C:\\Windows\\system32\\IMM32.DLL": 98,
    "C:\\Windows\\system32\\IconCodecService.dll": 99,
    "C:\\Windows\\system32\\MSCTF.dll": 100,
    "C:\\Windows\\system32\\NLAapi.dll": 101,
    "C:\\Windows\\system32\\NTMARTA.dll": 102,
    "C:\\Windows\\system32\\PROPSYS.dll": 103,
    "C:\\Windows\\system32\\RICHED20.DLL": 104,
    "C:\\Windows\\system32\\RichEd20.dll": 105,
    "C:\\Windows\\system32\\SETUPAPI.dll": 106,
    "C:\\Windows\\system32\\SHFOLDER.dll": 107,
    "C:\\Windows\\system32\\advapi32.dll": 108,
    "C:\\Windows\\system32\\asycfilt.dll": 109,
    "C:\\Windows\\system32\\bcryptprimitives.dll": 110,
    "C:\\Windows\\system32\\clbcatq.dll": 111,
    "C:\\Windows\\system32\\cryptnet.dll": 112,
    "C:\\Windows\\system32\\feclient.dll": 113,
    "C:\\Windows\\system32\\kernel32.dll": 114,
    "C:\\Windows\\system32\\msi.dll": 115,
    "C:\\Windows\\system32\\mswsock.dll": 116,
    "C:\\Windows\\system32\\napinsp.dll": 117,
    "C:\\Windows\\system32\\ntdll.dll": 118,
    "C:\\Windows\\system32\\ntshrui.dll": 119,
    "C:\\Windows\\system32\\ole32.dll": 120,
    "C:\\Windows\\system32\\pnrpnsp.dll": 121,
    "C:\\Windows\\system32\\rsaenh.dll": 122,
    "C:\\Windows\\system32\\security.dll": 123,
    "C:\\Windows\\system32\\sfc.dll": 124,
    "C:\\Windows\\system32\\shervans.dll": 125,
    "C:\\Windows\\system32\\spool\\DRIVERS\\x64\\3\\mxdwdrv.dll": 126,
    "C:\\Windows\\system32\\uxtheme.dll": 127,
    "C:\\Windows\\system32\\wer.dll": 128,
    "C:\\Windows\\system32\\wininet.dll": 129,
    "C:\\Windows\\system32\\winmm.dll": 130,
    "C:\\Windows\\system32\\ws2_32": 131,
    "C:\\Windows\\system32\\ws2_32.dll": 132,
    "C:\\Windows\\system32\\xmllite.dll": 133,
    "C:\\Windows\\syswow64\\MSCTF.dll": 134,
    "CFGMGR32.dll": 135,
    "COMCTL32.DLL": 136,
    "COMDLG32.dll": 137,
    "CRYPT32.dll": 138,
    "CRYPTBASE.dll": 139,
    "CRYPTSP.dll": 140,
    "CertControlStore": 141,
    "CertOpenStore": 142,
    "CoCreateInstance": 143,
    "CoInitializeEx": 144,
    "CoInitializeSecurity": 145,
    "CoUninitialize": 146,
    "Comctl32.dll": 147,
    "ConnHashTable<1544>_HashTable_Mutex": 148,
    "ConnHashTable<1660>_HashTable_Mutex": 149,
    "ConnHashTable<1768>_HashTable_Mutex": 150,
    "ConnHashTable<1840>_HashTable_Mutex": 151,
    "ConnHashTable<1872>_HashTable_Mutex": 152,
    "ConnHashTable<1876>_HashTable_Mutex": 153,
    "ConnHashTable<1936>_HashTable_Mutex": 154,
    "ConnHashTable<2364>_HashTable_Mutex": 155,
    "ConnHashTable<2440>_HashTable_Mutex": 156,
    "ConnHashTable<2452>_HashTable_Mutex": 157,
    "ConnHashTable<2464>_HashTable_Mutex": 158,
    "ConnHashTable<2468>_HashTable_Mutex": 159,
    "ConnHashTable<2472>_HashTable_Mutex": 160,
    "ConnHashTable<2484>_HashTable_Mutex": 161,
    "ConnHashTable<2516>_HashTable_Mutex": 162,
    "ConnHashTable<2520>_HashTable_Mutex": 163,
    "ConnHashTable<2552>_HashTable_Mutex": 164,
    "ConnHashTable<2568>_HashTable_Mutex": 165,
    "ConnHashTable<2604>_HashTable_Mutex": 166,
    "ConnHashTable<2608>_HashTable_Mutex": 167,
    "ConnHashTable<2620>_HashTable_Mutex": 168,
    "ConnHashTable<2684>_HashTable_Mutex": 169,
    "ConnHashTable<2704>_HashTable_Mutex": 170,
    "ConnHashTable<2712>_HashTable_Mutex": 171,
    "ConnHashTable<2740>_HashTable_Mutex": 172,
    "ConnHashTable<2752>_HashTable_Mutex": 173,
    "ConnHashTable<2756>_HashTable_Mutex": 174,
    "ConnHashTable<2872>_HashTable_Mutex": 175,
    "ConnHashTable<2908>_HashTable_Mutex": 176,
    "ConnHashTable<2928>_HashTable_Mutex": 177,
    "ConnHashTable<2936>_HashTable_Mutex": 178,
    "ConnHashTable<2944>_HashTable_Mutex": 179,
    "ConnHashTable<2948>_HashTable_Mutex": 180,
    "ConnHashTable<2988>_HashTable_Mutex": 181,
    "ConnHashTable<3000>_HashTable_Mutex": 182,
    "ConnHashTable<3024>_HashTable_Mutex": 183,
    "CopyFileA": 184,
    "CopyFileW": 185,
    "CreateActCtxW": 186,
    "CreateDirectoryW": 187,
    "CreateProcessInternalW": 188,
    "CreateServiceW": 189,
    "CreateThread": 190,
    "CreateToolhelp32Snapshot": 191,
    "CryptAcquireContextA": 192,
    "CryptAcquireContextW": 193,
    "CryptCreateHash": 194,
    "CryptDecodeObjectEx": 195,
    "CryptDecrypt": 196,
    "CryptExportKey": 197,
    "CryptHashData": 198,
    "DHCPCSVC.DLL": 199,
    "DNSAPI.dll": 200,
    "DUI70.dll": 201,
    "DUser.dll": 202,
    "DeleteFileW": 203,
    "DeviceIoControl": 204,
    "DrawTextExA": 205,
    "DrawTextExW": 206,
    "EnumServicesStatusA": 207,
    "EnumWindows": 208,
    "FindFirstFileExW": 209,
    "FindResourceA": 210,
    "FindResourceExW": 211,
    "FindResourceW": 212,
    "FindWindowA": 213,
    "FindWindowExA": 214,
    "FindWindowW": 215,
    "FvLQ49I\u0013\u008d\u00c0zLjj6m": 216,
    "GDI32.DLL": 217,
    "GDI32.dll": 218,
    "GetAdaptersAddresses": 219,
    "GetAddrInfoW": 220,
    "GetAsyncKeyState": 221,
    "GetBestInterfaceEx": 222,
    "GetComputerNameA": 223,
    "GetComputerNameW": 224,
    "GetCursorPos": 225,
    "GetDiskFreeSpaceExW": 226,
    "GetFileAttributesExW": 227,
    "GetFileAttributesW": 228,
    "GetFileInformationByHandle": 229,
    "GetFileInformationByHandleEx": 230,
    "GetFileSize": 231,
    "GetFileSizeEx": 232,
    "GetFileType": 233,
    "GetFileVersionInfoExW": 234,
    "GetFileVersionInfoSizeExW": 235,
    "GetFileVersionInfoSizeW": 236,
    "GetFileVersionInfoW": 237,
    "GetForegroundWindow": 238,
    "GetKeyboardState": 239,
    "GetNativeSystemInfo": 240,
    "GetShortPathNameW": 241,
    "GetSystemDirectoryA": 242,
    "GetSystemDirectoryW": 243,
    "GetSystemInfo": 244,
    "GetSystemMetrics": 245,
    "GetSystemTimeAsFileTime": 246,
    "GetSystemWindowsDirectoryW": 247,
    "GetTempPathW": 248,
    "GetTimeZoneInformation": 249,
    "GetUserNameA": 250,
    "GetVolumeNameForVolumeMountPointW": 251,
    "GetVolumePathNamesForVolumeNameW": 252,
    "GlobalMemoryStatus": 253,
    "GlobalMemoryStatusEx": 254,
    "Global\\.net clr networking": 255,
    "Global\\.net data provider for sqlserver": 256,
    "Global\\0170886c-336a-11f0-816b-08d860852b5b": 257,
    "Global\\01a136f4-336c-11f0-9400-9e2992b02206": 258,
    "Global\\0a3c0928-334f-11f0-9400-9e2992b02206": 259,
    "Global\\0a8a6164-32ea-11f0-9400-9e2992b02206": 260,
    "Global\\10f7a2c8-335d-11f0-9400-9e2992b02206": 261,
    "Global\\159fc8b8-334a-11f0-9400-9e2992b02206": 262,
    "Global\\1ec03b18-335d-11f0-816b-08d860852b5b": 263,
    "Global\\25126d96-3395-11f0-8465-ce90d09d770a": 264,
    "Global\\26581e52-3355-11f0-9400-9e2992b02206": 265,
    "Global\\2dcb6954-333d-11f0-9400-9e2992b02206": 266,
    "Global\\2fda42b2-32fa-11f0-9400-9e2992b02206": 267,
    "Global\\327e0a04-333f-11f0-816b-08d860852b5b": 268,
    "Global\\34b3ec1c-32f9-11f0-9400-9e2992b02206": 269,
    "Global\\3c6b316e-3343-11f0-816b-08d860852b5b": 270,
    "Global\\3pc6RWOgectGTFqCowxjeGy3XIGPtLwNrsr2zDctYD4hAU5pj4GW7rm8gHrHyTB6": 271,
    "Global\\429eac38-3347-11f0-816b-08d860852b5b": 272,
    "Global\\44866e88-32c4-11f0-9400-9e2992b02206": 273,
    "Global\\48399ec0-3363-11f0-9400-9e2992b02206": 274,
    "Global\\48bbeb24-3353-11f0-816b-08d860852b5b": 275,
    "Global\\5284967a-32cb-11f0-9400-9e2992b02206": 276,
    "Global\\53d7cf0c-336a-11f0-9400-9e2992b02206": 277,
    "Global\\59886136-334d-11f0-816b-08d860852b5b": 278,
    "Global\\6082b086-3366-11f0-816b-08d860852b5b": 279,
    "Global\\61463144-333b-11f0-816b-08d860852b5b": 280,
    "Global\\64d84742-3350-11f0-816b-08d860852b5b": 281,
    "Global\\6ea2b8cc-32c2-11f0-9400-9e2992b02206": 282,
    "Global\\6ef4c898-3370-11f0-8465-ce90d09d770a": 283,
    "Global\\71946746-3390-11f0-8465-ce90d09d770a": 284,
    "Global\\7237cd8c-335e-11f0-9400-9e2992b02206": 285,
    "Global\\72be7b60-337d-11f0-8465-ce90d09d770a": 286,
    "Global\\7862dabe-333e-11f0-9400-9e2992b02206": 287,
    "Global\\8922e522-32e1-11f0-9400-9e2992b02206": 288,
    "Global\\8a557554-338b-11f0-8465-ce90d09d770a": 289,
    "Global\\92f4d370-3364-11f0-816b-08d860852b5b": 290,
    "Global\\9428a9be-335b-11f0-9400-9e2992b02206": 291,
    "Global\\94e14c78-334a-11f0-816b-08d860852b5b": 292,
    "Global\\9562d228-3342-11f0-816b-08d860852b5b": 293,
    "Global\\9683c04a-3356-11f0-816b-08d860852b5b": 294,
    "Global\\995155f4-3369-11f0-9400-9e2992b02206": 295,
    "Global\\99b5316c-32c6-11f0-9400-9e2992b02206": 296,
    "Global\\9d52faa2-3352-11f0-816b-08d860852b5b": 297,
    "Global\\9f9763b8-3341-11f0-816b-08d860852b5b": 298,
    "Global\\C::Users:Administrator:AppData:Local:Microsoft:Windows:Explorer:thumbcache_1024.db!dfMaintainer": 299,
    "Global\\C::Users:Administrator:AppData:Local:Microsoft:Windows:Explorer:thumbcache_256.db!dfMaintainer": 300,
    "Global\\C::Users:Administrator:AppData:Local:Microsoft:Windows:Explorer:thumbcache_32.db!dfMaintainer": 301,
    "Global\\C::Users:Administrator:AppData:Local:Microsoft:Windows:Explorer:thumbcache_96.db!dfMaintainer": 302,
    "Global\\C::Users:Administrator:AppData:Local:Microsoft:Windows:Explorer:thumbcache_idx.db!ThumbnailCacheInit": 303,
    "Global\\C::Users:Administrator:AppData:Local:Microsoft:Windows:Explorer:thumbcache_idx.db!rwReaderRefs": 304,
    "Global\\C::Users:Administrator:AppData:Local:Microsoft:Windows:Explorer:thumbcache_idx.db!rwWriterMutex": 305,
    "Global\\C::Users:Administrator:AppData:Local:Microsoft:Windows:Explorer:thumbcache_sr.db!dfMaintainer": 306,
    "Global\\G{A9A86B93-B54E-4570-BE89-42418507707B}": 307,
    "Global\\G{C68009EA-1163-4498-8E93-D5C4E317D8CE}": 308,
    "Global\\G{D19BAF17-7C87-467E-8D63-6C4B1C836373}": 309,
    "Global\\KeePassAppMutexEx": 310,
    "Global\\SkyDriveSetup-E678D3F5-C063-4161-8F0D-CBB04C96A016": 311,
    "Global\\_xxserver_": 312,
    "Global\\a27c5f4e-3340-11f0-9400-9e2992b02206": 313,
    "Global\\a8f57e0a-3345-11f0-9400-9e2992b02206": 314,
    "Global\\adb63420-3368-11f0-816b-08d860852b5b": 315,
    "Global\\b08fc372-32e7-11f0-9400-9e2992b02206": 316,
    "Global\\b2ffcfaa-3362-11f0-816b-08d860852b5b": 317,
    "Global\\b3a0fdf8-32cc-11f0-9400-9e2992b02206": 318,
    "Global\\b507108e-3361-11f0-816b-08d860852b5b": 319,
    "Global\\b6a45c3c-3346-11f0-816b-08d860852b5b": 320,
    "Global\\b745e014-336b-11f0-816b-08d860852b5b": 321,
    "Global\\bcc10d6c-33ba-11f0-8465-ce90d09d770a": 322,
    "Global\\c0e1e962-3382-11f0-8465-ce90d09d770a": 323,
    "Global\\c17da8da-334f-11f0-9400-9e2992b02206": 324,
    "Global\\c8cf4bfc-3340-11f0-816b-08d860852b5b": 325,
    "Global\\ce64251e-334b-11f0-9400-9e2992b02206": 326,
    "Global\\d8e5ac52-3368-11f0-9400-9e2992b02206": 327,
    "Global\\dc066d40-3359-11f0-9400-9e2992b02206": 328,
    "Global\\dcb20852-3341-11f0-9400-9e2992b02206": 329,
    "Global\\dd7d68d6-3377-11f0-8465-ce90d09d770a": 330,
    "Global\\e08e31c4-3348-11f0-816b-08d860852b5b": 331,
    "Global\\e5252794-335f-11f0-9400-9e2992b02206": 332,
    "Global\\e57bdf82-33b2-11f0-8465-ce90d09d770a": 333,
    "Global\\e75cde60-33ac-11f0-8465-ce90d09d770a": 334,
    "Global\\ea441196-3363-11f0-816b-08d860852b5b": 335,
    "Global\\ebc47a44-33a7-11f0-8465-ce90d09d770a": 336,
    "Global\\f13f3580-32e0-11f0-9400-9e2992b02206": 337,
    "Global\\fc93d244-334c-11f0-9400-9e2992b02206": 338,
    "Global\\fce8e038-3354-11f0-816b-08d860852b5b": 339,
    "Global\\netfxeventlog.1.0": 340,
    "Global\\pc_group=WORKGROUP&ransom_id=e85a935b3439959f": 341,
    "Global\\pc_group=WORKGROUP&ransom_id=eae5d5bf3439959f": 342,
    "Global\\pc_group=WORKGROUP&ransom_id=f2b61bec3439959f": 343,
    "Global\\\u51b0?": 344,
    "Global\\\u51b0C": 345,
    "Global\\\u51b0R": 346,
    "Global\\\u51b0W": 347,
    "Global\\\u51b0_": 348,
    "Global\\\u51b0\u01d2": 349,
    "Global\\\u51b0\u01d3": 350,
    "Global\\\u51b0\u01d4": 351,
    "Global\\\u51b0\u01d5": 352,
    "Global\\\u51b0\u01d6": 353,
    "Global\\\u51b0\u01d7": 354,
    "Global\\\u51b0\u01d8": 355,
    "Global\\\u51b0\u01d9": 356,
    "Global\\\u51b0\u01da": 357,
    "Global\\\u51b0\u01db": 358,
    "Global\\\u51b0\u01dc": 359,
    "Global\\\u51b0\u01dd": 360,
    "Global\\\u51b0\u01de": 361,
    "Global\\\u51b0\u01df": 362,
    "Global\\\u51b0\u01e0": 363,
    "Global\\\u51b0\u01e1": 364,
    "Global\\\u51b0\u01e2": 365,
    "Global\\\u51b0\u01e3": 366,
    "Global\\\u51b0\u01e4": 367,
    "Global\\\u51b0\u01e5": 368,
    "Global\\\u51b0\u01e6": 369,
    "Global\\\u51b0\u01e7": 370,
    "Global\\\u51b0\u01e8": 371,
    "Global\\\u51b0\u01e9": 372,
    "Global\\\u51b0\u01ea": 373,
    "Global\\\u51b0\u01eb": 374,
    "Global\\\u51b0\u01ec": 375,
    "Global\\\u51b0\u01ed": 376,
    "Global\\\u51b0\u01ee": 377,
    "Global\\\u51b0\u01ef": 378,
    "Global\\\u51b0\u01f0": 379,
    "Global\\\u51b0\u01f1": 380,
    "Global\\\u51b0\u01f2": 381,
    "Global\\\u51b0\u01f3": 382,
    "Global\\\u51b0\u01f4": 383,
    "Global\\\u51b0\u01f5": 384,
    "Global\\\u51b0\u01f6": 385,
    "Global\\\u51b0\u01f7": 386,
    "Global\\\u51b0\u01fa": 387,
    "Global\\\u51b0\u01fb": 388,
    "Global\\\u51b0\u01fc": 389,
    "Global\\\u51b0\u01fd": 390,
    "Global\\\u51b0\u01ff": 391,
    "Global\\\u51b0\u0201": 392,
    "Global\\\u51b0\u0203": 393,
    "Global\\\u51b0\u0206": 394,
    "HttpOpenRequestA": 395,
    "IEFRAME.dll": 396,
    "IESQMMUTEX_0_208": 397,
    "IMM32.dll": 398,
    "IPHLPAPI.DLL": 399,
    "ImgUtil.dll": 400,
    "InternetConnectA": 401,
    "InternetCrackUrlA": 402,
    "InternetOpenA": 403,
    "InternetSetOptionA": 404,
    "Iphlpapi.dll": 405,
    "IsDebuggerPresent": 406,
    "KERNEL32.DLL": 407,
    "KERNEL32.dll": 408,
    "KeePassAppMutex": 409,
    "Kernel32.DLL": 410,
    "Kernel32.dll": 411,
    "LINKINFO.dll": 412,
    "LZ32.DLL": 413,
    "LdrGetDllHandle": 414,
    "LdrGetProcedureAddress": 415,
    "LdrLoadDll": 416,
    "LdrUnloadDll": 417,
    "LoadResource": 418,
    "LoadStringA": 419,
    "LoadStringW": 420,
    "Local\\!IETld!Mutex": 421,
    "Local\\Feed Arbitration Shared Memory Mutex [ User : S-1-5-21-4075539832-1778082360-2774363866-500 ]": 422,
    "Local\\Feeds Store Mutex S-1-5-21-4075539832-1778082360-2774363866-500": 423,
    "Local\\FmsRegMutex": 424,
    "Local\\KeyboardOverdrive": 425,
    "Local\\RSS Eventing Connection Database Mutex 0000045c": 426,
    "Local\\RSS Eventing Connection Database Mutex 00000608": 427,
    "Local\\RSS Eventing Connection Database Mutex 0000067c": 428,
    "Local\\RSS Eventing Connection Database Mutex 000006e8": 429,
    "Local\\RSS Eventing Connection Database Mutex 00000730": 430,
    "Local\\RSS Eventing Connection Database Mutex 00000750": 431,
    "Local\\RSS Eventing Connection Database Mutex 00000790": 432,
    "Local\\RSS Eventing Connection Database Mutex 000007dc": 433,
    "Local\\RSS Eventing Connection Database Mutex 00000864": 434,
    "Local\\RSS Eventing Connection Database Mutex 0000093c": 435,
    "Local\\RSS Eventing Connection Database Mutex 00000984": 436,
    "Local\\RSS Eventing Connection Database Mutex 00000988": 437,
    "Local\\RSS Eventing Connection Database Mutex 0000098c": 438,
    "Local\\RSS Eventing Connection Database Mutex 00000990": 439,
    "Local\\RSS Eventing Connection Database Mutex 00000994": 440,
    "Local\\RSS Eventing Connection Database Mutex 00000998": 441,
    "Local\\RSS Eventing Connection Database Mutex 0000099c": 442,
    "Local\\RSS Eventing Connection Database Mutex 000009a0": 443,
    "Local\\RSS Eventing Connection Database Mutex 000009a4": 444,
    "Local\\RSS Eventing Connection Database Mutex 000009a8": 445,
    "Local\\RSS Eventing Connection Database Mutex 000009b4": 446,
    "Local\\RSS Eventing Connection Database Mutex 000009d8": 447,
    "Local\\RSS Eventing Connection Database Mutex 00000a08": 448,
    "Local\\RSS Eventing Connection Database Mutex 00000a18": 449,
    "Local\\RSS Eventing Connection Database Mutex 00000a28": 450,
    "Local\\RSS Eventing Connection Database Mutex 00000a3c": 451,
    "Local\\RSS Eventing Connection Database Mutex 00000a40": 452,
    "Local\\RSS Eventing Connection Database Mutex 00000a74": 453,
    "Local\\RSS Eventing Connection Database Mutex 00000a7c": 454,
    "Local\\RSS Eventing Connection Database Mutex 00000a98": 455,
    "Local\\RSS Eventing Connection Database Mutex 00000ab4": 456,
    "Local\\RSS Eventing Connection Database Mutex 00000ac0": 457,
    "Local\\RSS Eventing Connection Database Mutex 00000ad0": 458,
    "Local\\RSS Eventing Connection Database Mutex 00000b28": 459,
    "Local\\RSS Eventing Connection Database Mutex 00000b40": 460,
    "Local\\RSS Eventing Connection Database Mutex 00000b5c": 461,
    "Local\\RSS Eventing Connection Database Mutex 00000b78": 462,
    "Local\\RSS Eventing Connection Database Mutex 00000b80": 463,
    "Local\\RSS Eventing Connection Database Mutex 00000b84": 464,
    "Local\\RSS Eventing Connection Database Mutex 00000bac": 465,
    "Local\\RSS Eventing Connection Database Mutex 00000bb8": 466,
    "Local\\RSS Eventing Connection Database Mutex 00000bd0": 467,
    "Local\\RSS Eventing Connection Database Mutex 00000be8": 468,
    "Local\\SHResolveLibrary:C:/Users/Administrator/AppData/Roaming/Microsoft/Windows/Libraries/Documents.library-ms": 469,
    "Local\\Shell.CMruPidlList": 470,
    "Local\\WLBiciTransferMutex": 471,
    "Local\\WinSpl64To32Mutex_115f8_0_3000": 472,
    "Local\\ZoneAttributeCacheCounterMutex": 473,
    "Local\\ZonesCacheCounterMutex": 474,
    "Local\\ZonesCounterMutex": 475,
    "Local\\ZonesLockedCacheCounterMutex": 476,
    "Local\\_!MSFTHISTORY!_": 477,
    "Local\\__DDrawCheckExclMode__": 478,
    "Local\\__DDrawExclMode__": 479,
    "Local\\c:!users!administrator!appdata!local!microsoft!windows!history!history.ie5!": 480,
    "Local\\c:!users!administrator!appdata!local!microsoft!windows!history!history.ie5!mshist012025051720250518!": 481,
    "Local\\c:!users!administrator!appdata!local!microsoft!windows!history!history.ie5!mshist012025051820250519!": 482,
    "Local\\c:!users!administrator!appdata!local!microsoft!windows!temporary internet files!content.ie5!": 483,
    "Local\\c:!users!administrator!appdata!roaming!microsoft!windows!cookies!": 484,
    "Local\\c:!users!administrator!appdata!roaming!microsoft!windows!privacie!": 485,
    "MPR.dll": 486,
    "MSIMGSIZECacheMutex": 487,
    "MSISIP.DLL": 488,
    "MSVCRT.dll": 489,
    "MessageBoxTimeoutA": 490,
    "MessageBoxTimeoutW": 491,
    "Module32FirstW": 492,
    "Module32NextW": 493,
    "MoveFileWithProgressW": 494,
    "MsftEdit.dll": 495,
    "NETAPI32.DLL": 496,
    "NETUTILS": 497,
    "NSI.dll": 498,
    "NTDLL": 499,
    "Netapi32.dll": 500,
    "NtAllocateVirtualMemory": 501,
    "NtClose": 502,
    "NtCreateFile": 503,
    "NtCreateKey": 504,
    "NtCreateMutant": 505,
    "NtCreateSection": 506,
    "NtCreateThreadEx": 507,
    "NtDelayExecution": 508,
    "NtDeviceIoControlFile": 509,
    "NtDuplicateObject": 510,
    "NtEnumerateKey": 511,
    "NtEnumerateValueKey": 512,
    "NtFreeVirtualMemory": 513,
    "NtGetContextThread": 514,
    "NtMapViewOfSection": 515,
    "NtOpenDirectoryObject": 516,
    "NtOpenFile": 517,
    "NtOpenKey": 518,
    "NtOpenKeyEx": 519,
    "NtOpenMutant": 520,
    "NtOpenProcess": 521,
    "NtOpenSection": 522,
    "NtOpenThread": 523,
    "NtProtectVirtualMemory": 524,
    "NtQueryAttributesFile": 525,
    "NtQueryDirectoryFile": 526,
    "NtQueryInformationFile": 527,
    "NtQueryKey": 528,
    "NtQuerySystemInformation": 529,
    "NtQueryValueKey": 530,
    "NtReadFile": 531,
    "NtReadVirtualMemory": 532,
    "NtResumeThread": 533,
    "NtSetInformationFile": 534,
    "NtSetValueKey": 535,
    "NtSuspendThread": 536,
    "NtTerminateProcess": 537,
    "NtUnmapViewOfSection": 538,
    "NtWriteFile": 539,
    "OLE32.DLL": 540,
    "OLEAUT32.DLL": 541,
    "OLEAUT32.dll": 542,
    "OleAut32.dll": 543,
    "OleInitialize": 544,
    "OpenSCManagerA": 545,
    "OpenSCManagerW": 546,
    "OpenServiceA": 547,
    "OpenServiceW": 548,
    "PRF": 549,
    "PROPSYS.dll": 550,
    "PSAPI.DLL": 551,
    "Powrprof.dll": 552,
    "Process32FirstW": 553,
    "Process32NextW": 554,
    "Psapi.dll": 555,
    "QPRZ3bWvXh": 556,
    "RASMAN.DLL": 557,
    "RPCRT4.dll": 558,
    "RasPbFile": 559,
    "ReadProcessMemory": 560,
    "RegCloseKey": 561,
    "RegCreateKeyExA": 562,
    "RegCreateKeyExW": 563,
    "RegEnumKeyExW": 564,
    "RegEnumKeyW": 565,
    "RegEnumValueW": 566,
    "RegOpenKeyExA": 567,
    "RegOpenKeyExW": 568,
    "RegQueryInfoKeyA": 569,
    "RegQueryInfoKeyW": 570,
    "RegQueryValueExA": 571,
    "RegQueryValueExW": 572,
    "RegSetValueExA": 573,
    "RegSetValueExW": 574,
    "RichEd20.DLL": 575,
    "RichEd20.dll": 576,
    "RpcRtRemote.dll": 577,
    "RstrtMgr.dll": 578,
    "Rstrtmgr.dll": 579,
    "RtlAddVectoredContinueHandler": 580,
    "RtlAddVectoredExceptionHandler": 581,
    "SAMLIB.dll": 582,
    "SETUPAPI.dll": 583,
    "SHELL32.DLL": 584,
    "SHELL32.dll": 585,
    "SHFolder.dll": 586,
    "SHGetFolderPathW": 587,
    "SHLWAPI.dll": 588,
    "SSLOADasdasc000900": 589,
    "SearchPathW": 590,
    "SensApi.dll": 591,
    "SetEndOfFile": 592,
    "SetErrorMode": 593,
    "SetFileAttributesW": 594,
    "SetFilePointer": 595,
    "SetFilePointerEx": 596,
    "SetFileTime": 597,
    "SetUnhandledExceptionFilter": 598,
    "SetWindowsHookExA": 599,
    "SetWindowsHookExW": 600,
    "ShFolder.DLL": 601,
    "Shell32.dll": 602,
    "ShellExecuteExW": 603,
    "SizeofResource": 604,
    "SspiCli.dll": 605,
    "StartServiceW": 606,
    "Thread32First": 607,
    "Thread32Next": 608,
    "URLMON.DLL": 609,
    "USER32.DLL": 610,
    "USER32.dll": 611,
    "USERENV.dll": 612,
    "UXTHEME.DLL": 613,
    "UuidCreate": 614,
    "UxTheme.dll": 615,
    "VERSION.DLL": 616,
    "VERSION.dll": 617,
    "WINHTTP.dll": 618,
    "WININET.dll": 619,
    "WINMM.DLL": 620,
    "WINMM.dll": 621,
    "WINSTA.dll": 622,
    "WINTRUST.DLL": 623,
    "WKSCLI": 624,
    "WLDAP32.dll": 625,
    "WS2_32.dll": 626,
    "WSARecv": 627,
    "WSASend": 628,
    "WSASocketW": 629,
    "WSAStartup": 630,
    "WSOCK32.DLL": 631,
    "WindowsCodecs.dll": 632,
    "WriteConsoleA": 633,
    "WriteConsoleW": 634,
    "WriteProcessMemory": 635,
    "Y1@": 636,
    "_!SHMSFTHISTORY!_": 637,
    "__exception__": 638,
    "a1@": 639,
    "advapi32.dll": 640,
    "api-ms-win-appmodel-runtime-l1-1-1": 641,
    "api-ms-win-core-fibers-l1-1-1": 642,
    "api-ms-win-core-localization-l1-2-1": 643,
    "api-ms-win-core-path-l1-1-0.dll": 644,
    "api-ms-win-core-string-l1-1-0": 645,
    "api-ms-win-core-sysinfo-l1-2-1": 646,
    "apphelp.dll": 647,
    "bcrypt.dll": 648,
    "bind": 649,
    "browcli.dll": 650,
    "closesocket": 651,
    "comctl32": 652,
    "comctl32.dll": 653,
    "connect": 654,
    "credssp.dll": 655,
    "crypt32.dll": 656,
    "cryptbase.dll": 657,
    "cryptnet.dll": 658,
    "cryptsp.dll": 659,
    "cscapi.dll": 660,
    "cylpjxxtpxbxrplycwkkg": 661,
    "dbghelp.dll": 662,
    "demo2.dll": 663,
    "dsucT9dY:P*CPT": 664,
    "dwmapi.dll": 665,
    "ehuihlp.dll": 666,
    "ext-ms-win-kernel32-package-current-l1-1-0": 667,
    "fKgMQwAI": 668,
    "gdi32.dll": 669,
    "gdiplus.dll": 670,
    "gethostbyname": 671,
    "getsockname": 672,
    "i1@": 673,
    "iIEkcwkk": 674,
    "imagehlp.dll": 675,
    "imm32.dll": 676,
    "iphlpapi.dll": 677,
    "kernel32": 678,
    "kernel32.dll": 679,
    "mkzfbrtrpzfdzzxmsoegecm": 680,
    "mnobvmte": 681,
    "mpr.dll": 682,
    "mscoree.dll": 683,
    "mscorsec.dll": 684,
    "mshtml.dll": 685,
    "msls31.dll": 686,
    "msvcrt.dll": 687,
    "mutex666": 688,
    "mutex_rr_windows": 689,
    "ncrypt.dll": 690,
    "netapi32.dll": 691,
    "netutils.dll": 692,
    "ntdll": 693,
    "ntdll.dll": 694,
    "ntmarta.dll": 695,
    "nwcsEIQk1": 696,
    "ole32.dll": 697,
    "oleaut32": 698,
    "oleaut32.dll": 699,
    "pdh.dll": 700,
    "powrprof.dll": 701,
    "profapi.dll": 702,
    "psapi.dll": 703,
    "q1@": 704,
    "rasadhlp.dll": 705,
    "recv": 706,
    "rpcrt4.dll": 707,
    "runas": 708,
    "security.dll": 709,
    "send": 710,
    "sensapi.dll": 711,
    "setsockopt": 712,
    "shell32.dll": 713,
    "shfolder.dll": 714,
    "shlwapi.dll": 715,
    "shutdown": 716,
    "slc.dll": 717,
    "socket": 718,
    "srvcli.dll": 719,
    "svchostsx": 720,
    "tqejeturoxczutqejeturo": 721,
    "urlmon.dll": 722,
    "user32.dll": 723,
    "uxtheme": 724,
    "uxtheme.dll": 725,
    "vGYcUYQo1": 726,
    "version.dll": 727,
    "werui.dll": 728,
    "winhttp.dll": 729,
    "winmm.dll": 730,
    "ws2_32.dll": 731,
    "wscapi.dll": 732,
    "y1@": 733,
    "\u00a7*@": 734,
    "\u00af*@": 735,
    "\u00b7*@": 736,
    "\u00bf*@": 737,
    "\u0178*@": 738
}