{
    "-65b46629Mutex": 1,
    "16zW4qHqlAc.dll": 2,
    "19": 3,
    "34adfwefadf99439": 4,
    "8b706e1d-460f-5bbb-9923-41e4b14b8e9e": 5,
    "A3C6CD5AB-3C41-4BE4-8A45-3AB5EDDCFC61": 6,
    "A96DB065-2343A2EC-6F235135-44232F23-2EFEA1F54": 7,
    "ADVAPI32.DLL": 8,
    "ADVAPI32.dll": 9,
    "API-MS-WIN-Service-Management-L1-1-0.dll": 10,
    "API-MS-WIN-Service-Management-L2-1-0.dll": 11,
    "API-MS-WIN-Service-winsvc-L1-1-0.dll": 12,
    "API-MS-Win-Core-LocalRegistry-L1-1-0.dll": 13,
    "API-MS-Win-Security-LSALookup-L1-1-0.dll": 14,
    "API-MS-Win-Security-SDDL-L1-1-0.dll": 15,
    "AdministratoriZ5i-O1fR-8gT0": 16,
    "AdvApi32.dll": 17,
    "Advapi32.dll": 18,
    "BC92B03BB503393FF9B8FA": 19,
    "C:\\Program Files (x86)\\Google\\Update\\1.3.36.32\\goopdate.dll": 20,
    "C:\\Program Files (x86)\\\\Common Files\\microsoft shared\\ink\\en-US\\mip.exe.mui": 21,
    "C:\\Program Files (x86)\\\\Internet Explorer\\en-US\\iexplore.exe.mui": 22,
    "C:\\Program Files (x86)\\\\Internet Explorer\\ieinstal.exe": 23,
    "C:\\Program Files (x86)\\\\Windows Mail\\en-US\\WinMail.exe.mui": 24,
    "C:\\Program Files (x86)\\\\Windows Mail\\wab.exe": 25,
    "C:\\Program Files\\Internet Explorer\\ieproxy.dll": 26,
    "C:\\Users\\ADMINI~1\\AppData\\Local\\Temp\\3564ceb9251eccd82d0c060c0dca83c9812f72c5fb72b5c25443dfd8a780c734.dll": 27,
    "C:\\Users\\ADMINI~1\\AppData\\Local\\Temp\\42334c42f80ece6cd37f594270aeeddea181b288d981a1574b8cb83bfcd4dd21-dll.dll": 28,
    "C:\\Users\\ADMINI~1\\AppData\\Local\\Temp\\4cef5835072bb0290a05f9c5281d4a614733f480ba7f1904ae91325a10a15a04.dll": 29,
    "C:\\Users\\ADMINI~1\\AppData\\Local\\Temp\\6f1c31f5944e46b063abbb6296b3a0d4c06037d4bdfd83ed05119e2505adabc5.dll": 30,
    "C:\\Users\\ADMINI~1\\AppData\\Local\\Temp\\79a56ca8a7fdeed1f09466af66c24ddef5ef97ac026297f4ea32db6e01a81190.dll": 31,
    "C:\\Users\\ADMINI~1\\AppData\\Local\\Temp\\TESTDE~1.CPL": 32,
    "C:\\Users\\ADMINI~1\\AppData\\Local\\Temp\\Win32.SofacyCarberp.bin.dll": 33,
    "C:\\Users\\ADMINI~1\\AppData\\Local\\Temp\\_MEI22722\\python311.dll": 34,
    "C:\\Users\\ADMINI~1\\AppData\\Local\\Temp\\_MEI22722\\ucrtbase.dll": 35,
    "C:\\Users\\ADMINI~1\\AppData\\Local\\Temp\\_MEI23442\\python311.dll": 36,
    "C:\\Users\\ADMINI~1\\AppData\\Local\\Temp\\_MEI23442\\ucrtbase.dll": 37,
    "C:\\Users\\ADMINI~1\\AppData\\Local\\Temp\\_MEI24162\\python310.dll": 38,
    "C:\\Users\\ADMINI~1\\AppData\\Local\\Temp\\_MEI24162\\ucrtbase.dll": 39,
    "C:\\Users\\ADMINI~1\\AppData\\Local\\Temp\\_MEI24362\\python39.dll": 40,
    "C:\\Users\\ADMINI~1\\AppData\\Local\\Temp\\_MEI24362\\ucrtbase.dll": 41,
    "C:\\Users\\ADMINI~1\\AppData\\Local\\Temp\\_MEI27282\\_lzma.pyd": 42,
    "C:\\Users\\ADMINI~1\\AppData\\Local\\Temp\\_MEI27282\\ucrtbase.dll": 43,
    "C:\\Users\\ADMINI~1\\AppData\\Local\\Temp\\a880d7c77491fcc6f9c88bae064f075a339e6753ef9fa9410b928565887c13b7.dll": 44,
    "C:\\Users\\ADMINI~1\\AppData\\Local\\Temp\\acc5fe0088037ddc055f9286380c56583effa1186afe9d08caea3e197b2643fd.dll": 45,
    "C:\\Users\\ADMINI~1\\AppData\\Local\\Temp\\bc6c2fda18f8ee36930b469f6500e28096eb6795e5fd17c44273c67bc9fa6a6d.dll": 46,
    "C:\\Users\\ADMINI~1\\AppData\\Local\\Temp\\eac776c3c83c9db1a770ffaf6df9e94611c8293cbd41cb9257148603b8f2be0b.dll": 47,
    "C:\\Users\\ADMINI~1\\AppData\\Local\\Temp\\f6e5a3a32fb3aaf3f2c56ee482998b09a6ced0a60c38088e7153f3ca247ab1cc.dll": 48,
    "C:\\Users\\ADMINI~1\\AppData\\Local\\Temp\\fef436e4196ae779ec1d6dd6dcfeec045bc1f848efed5b24e287354a18c6dd85.dll": 49,
    "C:\\Users\\ADMINI~1\\AppData\\Local\\Temp\\nsa2FAD.tmp\\System.dll": 50,
    "C:\\Users\\ADMINI~1\\AppData\\Local\\Temp\\payload.dll": 51,
    "C:\\Users\\ADMINI~1\\AppData\\Local\\Temp\\{042d26ef-3dbe-4c25-95d3-4c1b11b235a7}\\.ba1\\wixstdba.dll": 52,
    "C:\\Users\\Administrator\\AppData\\Local\\Temp\\301210D5557D9BA34F401D3EF7A7276F.exe": 53,
    "C:\\Users\\Administrator\\AppData\\Local\\Temp\\60C01A897DD8D60D3FEA002ED3A4B764.exe": 54,
    "C:\\Users\\Administrator\\AppData\\Local\\Temp\\67E4F5301851646B10A95F65A0B3BACB.exe": 55,
    "C:\\Users\\Administrator\\AppData\\Local\\Temp\\8953398DE47344E9C2727565AF8D6F31.exe": 56,
    "C:\\Users\\Administrator\\AppData\\Local\\Temp\\DF5A394AD60512767D375647DBB82994.exe": 57,
    "C:\\Users\\Administrator\\AppData\\Local\\Temp\\F77DB63CBED98391027F2525C14E161F.exe": 58,
    "C:\\Windows\\Microsoft.NET\\Framework64\\v2.0.50727\\culture.dll": 59,
    "C:\\Windows\\Microsoft.NET\\Framework64\\v2.0.50727\\mscorjit.dll": 60,
    "C:\\Windows\\Microsoft.NET\\Framework64\\v2.0.50727\\mscorwks.dll": 61,
    "C:\\Windows\\Microsoft.NET\\Framework64\\v2.0.50727\\ole32.dll": 62,
    "C:\\Windows\\Microsoft.NET\\Framework\\v2.0.50727\\Gdiplus.dll": 63,
    "C:\\Windows\\Microsoft.NET\\Framework\\v2.0.50727\\OLEAUT32.dll": 64,
    "C:\\Windows\\Microsoft.NET\\Framework\\v2.0.50727\\culture.dll": 65,
    "C:\\Windows\\Microsoft.NET\\Framework\\v2.0.50727\\diasymreader.dll": 66,
    "C:\\Windows\\Microsoft.NET\\Framework\\v2.0.50727\\mscorwks.dll": 67,
    "C:\\Windows\\Microsoft.NET\\Framework\\v2.0.50727\\ole32.dll": 68,
    "C:\\Windows\\SysWOW64\\TabCtl32.Ocx": 69,
    "C:\\Windows\\SysWOW64\\oleaut32.dll": 70,
    "C:\\Windows\\SysWOW64\\shell32.dll": 71,
    "C:\\Windows\\System32\\cscui.dll": 72,
    "C:\\Windows\\System32\\davclnt.dll": 73,
    "C:\\Windows\\System32\\drprov.dll": 74,
    "C:\\Windows\\System32\\fwpuclnt.dll": 75,
    "C:\\Windows\\System32\\mscoree.dll": 76,
    "C:\\Windows\\System32\\mswsock.dll": 77,
    "C:\\Windows\\System32\\ntlanman.dll": 78,
    "C:\\Windows\\System32\\winrnr.dll": 79,
    "C:\\Windows\\Temp\\{04C727F8-3DEB-4AD7-8AD9-B5ACE7F6F15F}\\.ba\\PythonBA.dll": 80,
    "C:\\Windows\\Temp\\{55DF5C6E-D08A-46B3-8374-47E370127825}\\.ba\\bafunctions.dll": 81,
    "C:\\Windows\\WinSxS\\x86_microsoft.windows.gdiplus_6595b64144ccf1df_1.1.7601.17514_none_72d18a4386696c80\\gdiplus.dll": 82,
    "C:\\Windows\\assembly\\GAC_64\\mscorlib\\2.0.0.0__b77a5c561934e089\\secur32.dll": 83,
    "C:\\Windows\\assembly\\GAC_MSIL\\Microsoft.MediaCenter.UI\\6.1.0.0__31bf3856ad364e35\\ehuihlp.dll": 84,
    "C:\\Windows\\assembly\\GAC_MSIL\\System.Windows.Forms\\2.0.0.0__b77a5c561934e089\\uxtheme.dll": 85,
    "C:\\Windows\\assembly\\GAC_MSIL\\System\\2.0.0.0__b77a5c561934e089\\ntdll.dll": 86,
    "C:\\Windows\\assembly\\GAC_MSIL\\System\\2.0.0.0__b77a5c561934e089\\rasapi32.dll": 87,
    "C:\\Windows\\assembly\\GAC_MSIL\\System\\2.0.0.0__b77a5c561934e089\\ws2_32.dll": 88,
    "C:\\Windows\\assembly\\NativeImages_v2.0.50727_32\\Microsoft.PowerShel#\\8ce205027e30804d1b2deaffa0582735\\Microsoft.PowerShell.Security.ni.dll": 89,
    "C:\\Windows\\assembly\\NativeImages_v2.0.50727_32\\Microsoft.VisualBas#\\08d608378aa405adc844f3cf36974b8c\\Microsoft.VisualBasic.ni.dll": 90,
    "C:\\Windows\\assembly\\NativeImages_v2.0.50727_32\\System.Data\\1e85062785e286cd9eae9c26d2c61f73\\System.Data.ni.dll": 91,
    "C:\\Windows\\assembly\\NativeImages_v2.0.50727_32\\System.Drawing\\dbfe8642a8ed7b2b103ad28e0c96418a\\System.Drawing.ni.dll": 92,
    "C:\\Windows\\assembly\\NativeImages_v2.0.50727_32\\System.Windows.Forms\\3afcd5168c7a6cb02eab99d7fd71e102\\System.Windows.Forms.ni.dll": 93,
    "C:\\Windows\\assembly\\NativeImages_v2.0.50727_32\\System.Xml\\461d3b6b3f43e6fbe6c897d5936e17e4\\System.Xml.ni.dll": 94,
    "C:\\Windows\\assembly\\NativeImages_v2.0.50727_32\\System\\9e0a3b9b9f457233a335d7fba8f95419\\System.ni.dll": 95,
    "C:\\Windows\\assembly\\NativeImages_v2.0.50727_64\\Microsoft.MediaCent#\\1f517ecba89b0f399021bdbc8fb3db82\\Microsoft.MediaCenter.Shell.ni.dll": 96,
    "C:\\Windows\\assembly\\NativeImages_v2.0.50727_64\\Microsoft.MediaCent#\\618ab8996b43e841efdcfb273393fc02\\Microsoft.MediaCenter.UI.ni.dll": 97,
    "C:\\Windows\\assembly\\NativeImages_v2.0.50727_64\\System.Configuratio#\\fcf35536476614410e0b0bd0e412199e\\System.Configuration.Install.ni.dll": 98,
    "C:\\Windows\\assembly\\NativeImages_v2.0.50727_64\\System.Configuration\\091b931d0f6408001747dbbbb05dbe66\\System.Configuration.ni.dll": 99,
    "C:\\Windows\\assembly\\NativeImages_v2.0.50727_64\\System.Xml\\ee795155543768ea67eecddc686a1e9e\\System.Xml.ni.dll": 100,
    "C:\\Windows\\assembly\\NativeImages_v2.0.50727_64\\System\\adff7dd9fe8e541775c46b6363401b22\\System.ni.dll": 101,
    "C:\\Windows\\assembly\\NativeImages_v2.0.50727_64\\mcstore\\67c2902f53638a9056174f6130a8bde7\\mcstore.ni.dll": 102,
    "C:\\Windows\\system32\\DUser.dll": 103,
    "C:\\Windows\\system32\\DWMAPI.dll": 104,
    "C:\\Windows\\system32\\IMM32.DLL": 105,
    "C:\\Windows\\system32\\MSCTF.dll": 106,
    "C:\\Windows\\system32\\NLAapi.dll": 107,
    "C:\\Windows\\system32\\NTMARTA.dll": 108,
    "C:\\Windows\\system32\\PROPSYS.dll": 109,
    "C:\\Windows\\system32\\RichEd20.dll": 110,
    "C:\\Windows\\system32\\SETUPAPI.dll": 111,
    "C:\\Windows\\system32\\SHFOLDER.dll": 112,
    "C:\\Windows\\system32\\USERENV.dll": 113,
    "C:\\Windows\\system32\\advapi32.dll": 114,
    "C:\\Windows\\system32\\asycfilt.dll": 115,
    "C:\\Windows\\system32\\clbcatq.dll": 116,
    "C:\\Windows\\system32\\feclient.dll": 117,
    "C:\\Windows\\system32\\iphlpapi.dll": 118,
    "C:\\Windows\\system32\\kernel32.dll": 119,
    "C:\\Windows\\system32\\msi.dll": 120,
    "C:\\Windows\\system32\\napinsp.dll": 121,
    "C:\\Windows\\system32\\ntdll.dll": 122,
    "C:\\Windows\\system32\\ntshrui.dll": 123,
    "C:\\Windows\\system32\\ole32.dll": 124,
    "C:\\Windows\\system32\\pnrpnsp.dll": 125,
    "C:\\Windows\\system32\\riched20.dll": 126,
    "C:\\Windows\\system32\\rsaenh.dll": 127,
    "C:\\Windows\\system32\\secur32.dll": 128,
    "C:\\Windows\\system32\\setupapi.dll": 129,
    "C:\\Windows\\system32\\sfc.dll": 130,
    "C:\\Windows\\system32\\sfc_os.dll": 131,
    "C:\\Windows\\system32\\shervans.dll": 132,
    "C:\\Windows\\system32\\shimgapi.dll": 133,
    "C:\\Windows\\system32\\spool\\DRIVERS\\x64\\3\\mxdwdrv.dll": 134,
    "C:\\Windows\\system32\\urlmon.dll": 135,
    "C:\\Windows\\system32\\user32.dll": 136,
    "C:\\Windows\\system32\\uxtheme.dll": 137,
    "C:\\Windows\\system32\\wininet.dll": 138,
    "C:\\Windows\\system32\\winmm.dll": 139,
    "C:\\Windows\\system32\\ws2_32.dll": 140,
    "C:\\Windows\\system32\\wshext.dll": 141,
    "C:\\Windows\\syswow64\\CRYPT32.dll": 142,
    "C:\\Windows\\syswow64\\MSCTF.dll": 143,
    "C:\\Windows\\winhlp32.exe": 144,
    "CDBurnNotify": 145,
    "CFGMGR32.dll": 146,
    "CLBCatQ.DLL": 147,
    "COMCTL32.DLL": 148,
    "COMDLG32.dll": 149,
    "CRYPT32.DLL": 150,
    "CRYPT32.dll": 151,
    "CRYPTBASE.dll": 152,
    "CRYPTSP.dll": 153,
    "CertControlStore": 154,
    "CertCreateCertificateContext": 155,
    "CertOpenStore": 156,
    "CertOpenSystemStoreA": 157,
    "CoCreateInstance": 158,
    "CoCreateInstanceEx": 159,
    "CoGetClassObject": 160,
    "CoInitializeEx": 161,
    "CoInitializeSecurity": 162,
    "CoUninitialize": 163,
    "Comctl32.dll": 164,
    "ConnHashTable<1544>_HashTable_Mutex": 165,
    "ConnHashTable<1660>_HashTable_Mutex": 166,
    "ConnHashTable<1768>_HashTable_Mutex": 167,
    "ConnHashTable<1840>_HashTable_Mutex": 168,
    "ConnHashTable<1872>_HashTable_Mutex": 169,
    "ConnHashTable<1876>_HashTable_Mutex": 170,
    "ConnHashTable<1936>_HashTable_Mutex": 171,
    "ConnHashTable<2364>_HashTable_Mutex": 172,
    "ConnHashTable<2440>_HashTable_Mutex": 173,
    "ConnHashTable<2452>_HashTable_Mutex": 174,
    "ConnHashTable<2464>_HashTable_Mutex": 175,
    "ConnHashTable<2468>_HashTable_Mutex": 176,
    "ConnHashTable<2472>_HashTable_Mutex": 177,
    "ConnHashTable<2484>_HashTable_Mutex": 178,
    "ConnHashTable<2516>_HashTable_Mutex": 179,
    "ConnHashTable<2520>_HashTable_Mutex": 180,
    "ConnHashTable<2552>_HashTable_Mutex": 181,
    "ConnHashTable<2568>_HashTable_Mutex": 182,
    "ConnHashTable<2604>_HashTable_Mutex": 183,
    "ConnHashTable<2608>_HashTable_Mutex": 184,
    "ConnHashTable<2620>_HashTable_Mutex": 185,
    "ConnHashTable<2684>_HashTable_Mutex": 186,
    "ConnHashTable<2696>_HashTable_Mutex": 187,
    "ConnHashTable<2704>_HashTable_Mutex": 188,
    "ConnHashTable<2712>_HashTable_Mutex": 189,
    "ConnHashTable<2740>_HashTable_Mutex": 190,
    "ConnHashTable<2752>_HashTable_Mutex": 191,
    "ConnHashTable<2756>_HashTable_Mutex": 192,
    "ConnHashTable<2872>_HashTable_Mutex": 193,
    "ConnHashTable<2908>_HashTable_Mutex": 194,
    "ConnHashTable<2928>_HashTable_Mutex": 195,
    "ConnHashTable<2936>_HashTable_Mutex": 196,
    "ConnHashTable<2944>_HashTable_Mutex": 197,
    "ConnHashTable<2948>_HashTable_Mutex": 198,
    "ConnHashTable<2956>_HashTable_Mutex": 199,
    "ConnHashTable<2988>_HashTable_Mutex": 200,
    "ConnHashTable<3000>_HashTable_Mutex": 201,
    "ConnHashTable<3024>_HashTable_Mutex": 202,
    "CopyFileA": 203,
    "CopyFileW": 204,
    "CreateActCtxW": 205,
    "CreateDirectoryW": 206,
    "CreateProcessInternalW": 207,
    "CreateRemoteThread": 208,
    "CreateServiceA": 209,
    "CreateServiceW": 210,
    "CreateThread": 211,
    "CreateToolhelp32Snapshot": 212,
    "CryptAcquireContextA": 213,
    "CryptAcquireContextW": 214,
    "CryptCreateHash": 215,
    "CryptDecodeObjectEx": 216,
    "CryptDecrypt": 217,
    "CryptEncrypt": 218,
    "CryptHashData": 219,
    "CryptProtectData": 220,
    "DC_MUTEX-M4P4YFY": 221,
    "DHCPCSVC.DLL": 222,
    "DNSAPI.dll": 223,
    "DUI70.dll": 224,
    "DeleteFileW": 225,
    "DeviceIoControl": 226,
    "DrawTextExA": 227,
    "DrawTextExW": 228,
    "EnumServicesStatusA": 229,
    "EnumWindows": 230,
    "FindFirstFileExW": 231,
    "FindResourceA": 232,
    "FindResourceExA": 233,
    "FindResourceExW": 234,
    "FindResourceW": 235,
    "FindWindowA": 236,
    "FindWindowExA": 237,
    "FindWindowExW": 238,
    "FindWindowW": 239,
    "FvLQ49I\u0013\u008d\u00c0zLjj6m": 240,
    "GDI32.DLL": 241,
    "GDI32.dll": 242,
    "GetAdaptersAddresses": 243,
    "GetAddrInfoW": 244,
    "GetAsyncKeyState": 245,
    "GetComputerNameA": 246,
    "GetComputerNameW": 247,
    "GetCursorPos": 248,
    "GetDiskFreeSpaceExW": 249,
    "GetDiskFreeSpaceW": 250,
    "GetFileAttributesExW": 251,
    "GetFileAttributesW": 252,
    "GetFileInformationByHandle": 253,
    "GetFileInformationByHandleEx": 254,
    "GetFileSize": 255,
    "GetFileSizeEx": 256,
    "GetFileType": 257,
    "GetFileVersionInfoSizeW": 258,
    "GetFileVersionInfoW": 259,
    "GetForegroundWindow": 260,
    "GetKeyState": 261,
    "GetNativeSystemInfo": 262,
    "GetShortPathNameW": 263,
    "GetSystemDirectoryA": 264,
    "GetSystemDirectoryW": 265,
    "GetSystemInfo": 266,
    "GetSystemMetrics": 267,
    "GetSystemTimeAsFileTime": 268,
    "GetSystemWindowsDirectoryA": 269,
    "GetSystemWindowsDirectoryW": 270,
    "GetTempPathW": 271,
    "GetTimeZoneInformation": 272,
    "GetUserNameA": 273,
    "GetUserNameExA": 274,
    "GetUserNameW": 275,
    "GetVolumeNameForVolumeMountPointW": 276,
    "GetVolumePathNameW": 277,
    "GetVolumePathNamesForVolumeNameW": 278,
    "GlobalMemoryStatus": 279,
    "GlobalMemoryStatusEx": 280,
    "Global\\.net clr networking": 281,
    "Global\\20b70e57-1c2e-4de9-99e5-69f369006912": 282,
    "Global\\3a886eb8-fe40-4d0a-b78b-9e0bcb683fb7": 283,
    "Global\\3pc6RWOgectGTFqCowxjeGy3XIGPtLwNrsr2zDctYD4hAU5pj4GW7rm8gHrHyTB6": 284,
    "Global\\68732B3EACF832960": 285,
    "Global\\9c116462-33ca-11f0-9400-9e2992b02206": 286,
    "Global\\C::Users:Administrator:AppData:Local:Microsoft:Windows:Explorer:thumbcache_1024.db!dfMaintainer": 287,
    "Global\\C::Users:Administrator:AppData:Local:Microsoft:Windows:Explorer:thumbcache_256.db!dfMaintainer": 288,
    "Global\\C::Users:Administrator:AppData:Local:Microsoft:Windows:Explorer:thumbcache_32.db!dfMaintainer": 289,
    "Global\\C::Users:Administrator:AppData:Local:Microsoft:Windows:Explorer:thumbcache_96.db!dfMaintainer": 290,
    "Global\\C::Users:Administrator:AppData:Local:Microsoft:Windows:Explorer:thumbcache_idx.db!ThumbnailCacheInit": 291,
    "Global\\C::Users:Administrator:AppData:Local:Microsoft:Windows:Explorer:thumbcache_idx.db!rwReaderRefs": 292,
    "Global\\C::Users:Administrator:AppData:Local:Microsoft:Windows:Explorer:thumbcache_idx.db!rwWriterMutex": 293,
    "Global\\C::Users:Administrator:AppData:Local:Microsoft:Windows:Explorer:thumbcache_sr.db!dfMaintainer": 294,
    "Global\\CDBurnExclusive": 295,
    "Global\\G{A9A86B93-B54E-4570-BE89-42418507707B}": 296,
    "Global\\G{C68009EA-1163-4498-8E93-D5C4E317D8CE}": 297,
    "Global\\G{D19BAF17-7C87-467E-8D63-6C4B1C836373}": 298,
    "Global\\I3439959F": 299,
    "Global\\M3439959F": 300,
    "Global\\MSILOG_8ee7127e1dbc82bGOL.7d2bcISM_pmeT_lacoL_ataDppA_1~INIMDA_sresU_:C": 301,
    "Global\\SkyDriveSetup-E678D3F5-C063-4161-8F0D-CBB04C96A016": 302,
    "Global\\UfxSingleInstanceMutex": 303,
    "Global\\_MSIExecute": 304,
    "Global\\_xxserver_": 305,
    "Global\\f44e7fde-3406-11f0-b57d-4c3050c8ae0d": 306,
    "Global\\netfxeventlog.1.0": 307,
    "Global\\pc_group=WORKGROUP&ransom_id=e85a935b3439959f": 308,
    "Global\\pc_group=WORKGROUP&ransom_id=eae5d5bf3439959f": 309,
    "Global\\pc_group=WORKGROUP&ransom_id=f2b61bec3439959f": 310,
    "Global\\rsdasfasaasfxfa": 311,
    "Global\\\u51b0\u01df": 312,
    "Global\\\u51b0\u01e8": 313,
    "Global\\\u51b0\u01ee": 314,
    "Global\\\u51b0\u01f1": 315,
    "Global\\\u51b0\u01f7": 316,
    "Had3yghhuju98gggd9G6790hfv3.4": 317,
    "HttpOpenRequestA": 318,
    "HttpOpenRequestW": 319,
    "IEFRAME.dll": 320,
    "IESQMMUTEX_0_208": 321,
    "IMM32.dll": 322,
    "IPHLPAPI.DLL": 323,
    "IPKMutex": 324,
    "IWbemServices_ExecQuery": 325,
    "ImgUtil.dll": 326,
    "InterenetAssistant": 327,
    "InterenetAssistantN": 328,
    "InternetConnectA": 329,
    "InternetConnectW": 330,
    "InternetCrackUrlA": 331,
    "InternetCrackUrlW": 332,
    "InternetOpenA": 333,
    "InternetOpenW": 334,
    "InternetQueryOptionA": 335,
    "InternetSetOptionA": 336,
    "Iphlpapi.dll": 337,
    "IsDebuggerPresent": 338,
    "KERNEL32": 339,
    "KERNEL32.DLL": 340,
    "KERNEL32.dll": 341,
    "Kernel32.DLL": 342,
    "Kernel32.dll": 343,
    "LINKINFO.dll": 344,
    "LZ32.DLL": 345,
    "LdrGetDllHandle": 346,
    "LdrGetProcedureAddress": 347,
    "LdrLoadDll": 348,
    "LdrUnloadDll": 349,
    "LoadResource": 350,
    "LoadStringA": 351,
    "LoadStringW": 352,
    "Local\\!IETld!Mutex": 353,
    "Local\\!PrivacIE!SharedMemory!Mutex": 354,
    "Local\\Feed Arbitration Shared Memory Mutex [ User : S-1-5-21-4075539832-1778082360-2774363866-500 ]": 355,
    "Local\\Feed Eventing Shared Memory Mutex S-1-5-21-4075539832-1778082360-2774363866-500": 356,
    "Local\\Feeds Store Mutex S-1-5-21-4075539832-1778082360-2774363866-500": 357,
    "Local\\FmsRegMutex": 358,
    "Local\\HKEY_LOCAL_MACHINE_SOFTWARE_Microsoft_Speech_Voices_Tokens_MS-Anna-1033-20-DSK_Mutex": 359,
    "Local\\RSS Eventing Connection Database Mutex 0000045c": 360,
    "Local\\RSS Eventing Connection Database Mutex 00000608": 361,
    "Local\\RSS Eventing Connection Database Mutex 0000067c": 362,
    "Local\\RSS Eventing Connection Database Mutex 000006e8": 363,
    "Local\\RSS Eventing Connection Database Mutex 00000730": 364,
    "Local\\RSS Eventing Connection Database Mutex 00000750": 365,
    "Local\\RSS Eventing Connection Database Mutex 00000790": 366,
    "Local\\RSS Eventing Connection Database Mutex 000007dc": 367,
    "Local\\RSS Eventing Connection Database Mutex 00000808": 368,
    "Local\\RSS Eventing Connection Database Mutex 00000864": 369,
    "Local\\RSS Eventing Connection Database Mutex 0000093c": 370,
    "Local\\RSS Eventing Connection Database Mutex 00000984": 371,
    "Local\\RSS Eventing Connection Database Mutex 00000988": 372,
    "Local\\RSS Eventing Connection Database Mutex 0000098c": 373,
    "Local\\RSS Eventing Connection Database Mutex 00000990": 374,
    "Local\\RSS Eventing Connection Database Mutex 00000994": 375,
    "Local\\RSS Eventing Connection Database Mutex 00000998": 376,
    "Local\\RSS Eventing Connection Database Mutex 0000099c": 377,
    "Local\\RSS Eventing Connection Database Mutex 000009a0": 378,
    "Local\\RSS Eventing Connection Database Mutex 000009a4": 379,
    "Local\\RSS Eventing Connection Database Mutex 000009a8": 380,
    "Local\\RSS Eventing Connection Database Mutex 000009b4": 381,
    "Local\\RSS Eventing Connection Database Mutex 000009d8": 382,
    "Local\\RSS Eventing Connection Database Mutex 00000a08": 383,
    "Local\\RSS Eventing Connection Database Mutex 00000a18": 384,
    "Local\\RSS Eventing Connection Database Mutex 00000a28": 385,
    "Local\\RSS Eventing Connection Database Mutex 00000a3c": 386,
    "Local\\RSS Eventing Connection Database Mutex 00000a40": 387,
    "Local\\RSS Eventing Connection Database Mutex 00000a74": 388,
    "Local\\RSS Eventing Connection Database Mutex 00000a7c": 389,
    "Local\\RSS Eventing Connection Database Mutex 00000a98": 390,
    "Local\\RSS Eventing Connection Database Mutex 00000ab4": 391,
    "Local\\RSS Eventing Connection Database Mutex 00000ac0": 392,
    "Local\\RSS Eventing Connection Database Mutex 00000ad0": 393,
    "Local\\RSS Eventing Connection Database Mutex 00000b28": 394,
    "Local\\RSS Eventing Connection Database Mutex 00000b40": 395,
    "Local\\RSS Eventing Connection Database Mutex 00000b5c": 396,
    "Local\\RSS Eventing Connection Database Mutex 00000b78": 397,
    "Local\\RSS Eventing Connection Database Mutex 00000b80": 398,
    "Local\\RSS Eventing Connection Database Mutex 00000b84": 399,
    "Local\\RSS Eventing Connection Database Mutex 00000ba8": 400,
    "Local\\RSS Eventing Connection Database Mutex 00000bac": 401,
    "Local\\RSS Eventing Connection Database Mutex 00000bb8": 402,
    "Local\\RSS Eventing Connection Database Mutex 00000bd0": 403,
    "Local\\RSS Eventing Connection Database Mutex 00000be8": 404,
    "Local\\RstrMgr-3887CAB8-533F-4C85-B0DC-3E5639F8D511-Session0000": 405,
    "Local\\RstrMgr-3887CAB8-533F-4C85-B0DC-3E5639F8D511-Session0001": 406,
    "Local\\RstrMgr3887CAB8-533F-4C85-B0DC-3E5639F8D511": 407,
    "Local\\Shell.CMruPidlList": 408,
    "Local\\WLBiciTransferMutex": 409,
    "Local\\WinSpl64To32Mutex_115f8_0_3000": 410,
    "Local\\WininetConnectionMutex": 411,
    "Local\\WininetProxyRegistryMutex": 412,
    "Local\\WininetStartupMutex": 413,
    "Local\\ZoneAttributeCacheCounterMutex": 414,
    "Local\\ZonesCacheCounterMutex": 415,
    "Local\\ZonesCounterMutex": 416,
    "Local\\ZonesLockedCacheCounterMutex": 417,
    "Local\\_!MSFTHISTORY!_": 418,
    "Local\\c:!users!administrator!appdata!local!microsoft!windows!history!history.ie5!": 419,
    "Local\\c:!users!administrator!appdata!local!microsoft!windows!history!history.ie5!mshist012025051720250518!": 420,
    "Local\\c:!users!administrator!appdata!local!microsoft!windows!history!history.ie5!mshist012025051820250519!": 421,
    "Local\\c:!users!administrator!appdata!local!microsoft!windows!temporary internet files!content.ie5!": 422,
    "Local\\c:!users!administrator!appdata!roaming!microsoft!windows!cookies!": 423,
    "Local\\c:!users!administrator!appdata!roaming!microsoft!windows!ietldcache!": 424,
    "Local\\c:!users!administrator!appdata!roaming!microsoft!windows!privacie!": 425,
    "LookupAccountSidW": 426,
    "LookupPrivilegeValueW": 427,
    "MPR.DLL": 428,
    "MPR.dll": 429,
    "MSIMGSIZECacheMutex": 430,
    "MSISIP.DLL": 431,
    "MSVCRT.dll": 432,
    "MessageBoxTimeoutA": 433,
    "MessageBoxTimeoutW": 434,
    "Module32FirstW": 435,
    "MoveFileWithProgressW": 436,
    "MsftEdit.dll": 437,
    "MutexNPA_UnitVersioning_2112": 438,
    "MutexNPA_UnitVersioning_2412": 439,
    "MutexNPA_UnitVersioning_2648": 440,
    "NETAPI32.DLL": 441,
    "NETUTILS": 442,
    "NTDLL": 443,
    "NTDLL.dll": 444,
    "Netapi32.dll": 445,
    "NtAllocateVirtualMemory": 446,
    "NtClose": 447,
    "NtCreateFile": 448,
    "NtCreateKey": 449,
    "NtCreateMutant": 450,
    "NtCreateSection": 451,
    "NtCreateThreadEx": 452,
    "NtDelayExecution": 453,
    "NtDeviceIoControlFile": 454,
    "NtDuplicateObject": 455,
    "NtEnumerateKey": 456,
    "NtEnumerateValueKey": 457,
    "NtFreeVirtualMemory": 458,
    "NtGetContextThread": 459,
    "NtMapViewOfSection": 460,
    "NtOpenDirectoryObject": 461,
    "NtOpenFile": 462,
    "NtOpenKey": 463,
    "NtOpenKeyEx": 464,
    "NtOpenMutant": 465,
    "NtOpenProcess": 466,
    "NtOpenSection": 467,
    "NtOpenThread": 468,
    "NtProtectVirtualMemory": 469,
    "NtQueryAttributesFile": 470,
    "NtQueryDirectoryFile": 471,
    "NtQueryFullAttributesFile": 472,
    "NtQueryInformationFile": 473,
    "NtQueryKey": 474,
    "NtQuerySystemInformation": 475,
    "NtQueryValueKey": 476,
    "NtReadFile": 477,
    "NtReadVirtualMemory": 478,
    "NtResumeThread": 479,
    "NtSetContextThread": 480,
    "NtSetInformationFile": 481,
    "NtSetValueKey": 482,
    "NtTerminateProcess": 483,
    "NtUnmapViewOfSection": 484,
    "NtWriteFile": 485,
    "NtWriteVirtualMemory": 486,
    "OLE32.DLL": 487,
    "OLEAUT32.DLL": 488,
    "OLEAUT32.dll": 489,
    "OleAut32.dll": 490,
    "OleInitialize": 491,
    "OpenSCManagerA": 492,
    "OpenSCManagerW": 493,
    "OpenServiceA": 494,
    "OpenServiceW": 495,
    "OutputDebugStringA": 496,
    "PEM890": 497,
    "PEM8A8": 498,
    "POWRPROF.DLL": 499,
    "PRF": 500,
    "PROPSYS.dll": 501,
    "PSAPI.DLL": 502,
    "Paint": 503,
    "PhoneProviders": 504,
    "Process32FirstW": 505,
    "Process32NextW": 506,
    "Psapi.dll": 507,
    "QPRZ3bWvXh": 508,
    "RASMAN.DLL": 509,
    "RASMONTR.DLL": 510,
    "RasPbFile": 511,
    "ReadProcessMemory": 512,
    "RegCloseKey": 513,
    "RegCreateKeyExA": 514,
    "RegCreateKeyExW": 515,
    "RegDeleteKeyA": 516,
    "RegDeleteValueA": 517,
    "RegEnumKeyExA": 518,
    "RegEnumKeyExW": 519,
    "RegEnumKeyW": 520,
    "RegEnumValueA": 521,
    "RegEnumValueW": 522,
    "RegOpenKeyExA": 523,
    "RegOpenKeyExW": 524,
    "RegQueryInfoKeyW": 525,
    "RegQueryValueExA": 526,
    "RegQueryValueExW": 527,
    "RegSetValueExA": 528,
    "RegSetValueExW": 529,
    "RemoveDirectoryA": 530,
    "RpcRtRemote.dll": 531,
    "RstrtMgr.dll": 532,
    "Rstrtmgr.dll": 533,
    "RtlAddVectoredContinueHandler": 534,
    "RtlAddVectoredExceptionHandler": 535,
    "RtlRemoveVectoredExceptionHandler": 536,
    "SETUPAPI.dll": 537,
    "SHELL32.DLL": 538,
    "SHELL32.dll": 539,
    "SHFolder.dll": 540,
    "SHGetFolderPathW": 541,
    "SHGetSpecialFolderLocation": 542,
    "SHLWAPI.dll": 543,
    "SSLOADasdasc000900": 544,
    "SXS.DLL": 545,
    "SearchPathW": 546,
    "SendNotifyMessageW": 547,
    "SensApi.dll": 548,
    "SetEndOfFile": 549,
    "SetErrorMode": 550,
    "SetFileAttributesW": 551,
    "SetFilePointer": 552,
    "SetFilePointerEx": 553,
    "SetFileTime": 554,
    "SetUnhandledExceptionFilter": 555,
    "SetWindowsHookExA": 556,
    "SetWindowsHookExW": 557,
    "Shell32.dll": 558,
    "ShellExecuteExW": 559,
    "Shlwapi.dll": 560,
    "SizeofResource": 561,
    "SoundpadThreadManagerMutex": 562,
    "SoundpadThreadManagerMutex3": 563,
    "SoundpadThreadManagerMutex4": 564,
    "SoundpadThreadManagerMutex7": 565,
    "SspiCli.dll": 566,
    "StartServiceA": 567,
    "StartServiceW": 568,
    "Synaptics2X": 569,
    "URLMON.DLL": 570,
    "USER32.DLL": 571,
    "USER32.dll": 572,
    "USP10.dll": 573,
    "UXTHEME.DLL": 574,
    "UnhookWindowsHookEx": 575,
    "UuidCreate": 576,
    "UxTheme.dll": 577,
    "VDMDBG.DLL": 578,
    "VERSION.DLL": 579,
    "VERSION.dll": 580,
    "WININET.dll": 581,
    "WINMM.DLL": 582,
    "WINSPOOL.DRV": 583,
    "WINSTA.dll": 584,
    "WINTRUST.DLL": 585,
    "WKSCLI": 586,
    "WLDAP32.dll": 587,
    "WS2_32.DLL": 588,
    "WS2_32.dll": 589,
    "WSARecv": 590,
    "WSASend": 591,
    "WSASocketA": 592,
    "WSAStartup": 593,
    "WSHELPER.DLL": 594,
    "WSOCK32.DLL": 595,
    "WSOCK32.dll": 596,
    "WTSAPI32.dll": 597,
    "WindowsServiceStabilityMutex": 598,
    "WriteConsoleA": 599,
    "WriteConsoleW": 600,
    "WriteProcessMemory": 601,
    "Ws2_32.dll": 602,
    "Wtsapi32.dll": 603,
    "XYfFOiJaUD0qwaco.dll": 604,
    "Y1@": 605,
    "_!SHMSFTHISTORY!_": 606,
    "__exception__": 607,
    "a091ec0a6e22276a96a99c1d34ef679c": 608,
    "a1@": 609,
    "acledit.dll": 610,
    "advapi32.dll": 611,
    "ajhrkit.dll": 612,
    "api-ms-win-appmodel-runtime-l1-1-1": 613,
    "api-ms-win-core-fibers-l1-1-1": 614,
    "api-ms-win-core-localization-l1-2-1": 615,
    "api-ms-win-core-path-l1-1-0.dll": 616,
    "api-ms-win-core-string-l1-1-0": 617,
    "api-ms-win-core-synch-l1-2-0": 618,
    "api-ms-win-core-sysinfo-l1-2-1": 619,
    "apphelp.dll": 620,
    "bind": 621,
    "browcli.dll": 622,
    "cannabis": 623,
    "closesocket": 624,
    "comctl32": 625,
    "comctl32.dll": 626,
    "comdlg32.dll": 627,
    "connect": 628,
    "credssp.dll": 629,
    "crypt32.dll": 630,
    "cryptbase.dll": 631,
    "cryptnet.dll": 632,
    "cryptsp.dll": 633,
    "cscapi.dll": 634,
    "cylpjxxtpxbxrplycwkkg": 635,
    "dbghelp.dll": 636,
    "demo2.dll": 637,
    "dhcpcsvc.DLL": 638,
    "dhcpcsvc6.DLL": 639,
    "dnsapi.dll": 640,
    "dsucT9dY:P*CPT": 641,
    "dwmapi.dll": 642,
    "eHomeNameMutex": 643,
    "efqpm2300dfhroop": 644,
    "ehtrace.dll": 645,
    "ehuihlp.dll": 646,
    "ext-ms-win-kernel32-package-current-l1-1-0": 647,
    "fKgMQwAI": 648,
    "gdi32.dll": 649,
    "gdiplus.dll": 650,
    "getaddrinfo": 651,
    "gethostbyname": 652,
    "getsockname": 653,
    "i1@": 654,
    "iIEkcwkk": 655,
    "imagehlp.dll": 656,
    "imm32.dll": 657,
    "ioctlsocket": 658,
    "iphlpapi": 659,
    "iphlpapi.dll": 660,
    "kernel32": 661,
    "kernel32.dll": 662,
    "kernelbase": 663,
    "lsm.exeM_500_": 664,
    "lz32.dll": 665,
    "mkzfbrtrpzfdzzxmsoegecm": 666,
    "mnobvmte": 667,
    "mobsync.exeM_2016_": 668,
    "mpr.dll": 669,
    "mscoree.dll": 670,
    "mscorsvw.exeM_1308_": 671,
    "mscorsvw.exeM_2712_": 672,
    "msfeeds.dll": 673,
    "msftedit.dll": 674,
    "mshtml.dll": 675,
    "msimg32.dll": 676,
    "msls31.dll": 677,
    "msvcrt.dll": 678,
    "mutex666": 679,
    "mutex_rr_windows": 680,
    "nSOFwQuC": 681,
    "ncrypt.dll": 682,
    "netapi32.dll": 683,
    "netutils.dll": 684,
    "ntdll": 685,
    "ntdll.dll": 686,
    "ntdsapi.dll": 687,
    "ntmarta.dll": 688,
    "nwcsEIQk1": 689,
    "ole32.dll": 690,
    "oleaut32.dll": 691,
    "olepro32.dll": 692,
    "patatoes": 693,
    "pdh.dll": 694,
    "profapi.dll": 695,
    "propsys.dll": 696,
    "pstorec.dll": 697,
    "pythonw.exeM_1992_": 698,
    "q1@": 699,
    "qnd_b__-0A": 700,
    "qnd_b__-0B": 701,
    "qnd_b__-0C": 702,
    "qnd_b__-0D": 703,
    "qnd_b__-0E": 704,
    "qnd_b__-0F": 705,
    "rasadhlp.dll": 706,
    "recv": 707,
    "rpcrt4.dll": 708,
    "rtutils.dll": 709,
    "runas": 710,
    "searchprotocolhost.exeM_1600_": 711,
    "security.dll": 712,
    "select": 713,
    "send": 714,
    "sensapi.dll": 715,
    "setsockopt": 716,
    "sfc.dll": 717,
    "shell32.dll": 718,
    "shlwapi": 719,
    "shlwapi.dll": 720,
    "shutdown": 721,
    "slc.dll": 722,
    "smss.exeM_264_": 723,
    "socket": 724,
    "srvcli.dll": 725,
    "svchost.exeM_1044_": 726,
    "svchost.exeM_2992_": 727,
    "svchost.exeM_304_": 728,
    "svchost.exeM_812_": 729,
    "svchost.exeM_896_": 730,
    "svchostsx": 731,
    "timeGetTime": 732,
    "tqejeturoxczutqejeturo": 733,
    "urlmon.dll": 734,
    "user32": 735,
    "user32.dll": 736,
    "uxtheme": 737,
    "uxtheme.dll": 738,
    "vGYcUYQo1": 739,
    "version.dll": 740,
    "winhttp.dll": 741,
    "wininet.dll": 742,
    "winmm.dll": 743,
    "ws2_32": 744,
    "ws2_32.dll": 745,
    "wscapi.dll": 746,
    "wsock32.dll": 747,
    "y1@": 748,
    "{0C8E6D89-EA51-848A-7775-6C2CC072CA88}": 749,
    "{1A59D3E9-9D17-EB65-EA3F-071C953972C0}": 750,
    "{8A77729A-0E89-D87C-EBE4-484713A8332E}": 751,
    "{8F6F00C4-B901-45fd-08CF-72FDEFF}": 752,
    "{8F6F0AC4-B9A1-45fd-A8CF-727220DE8F}": 753,
    "{8F6F0AC4-B9A1-45fd-A8CF-72FDE8F}": 754,
    "{8F6F0AC4-B9A1-45fd-A8CF-72FDEFF}": 755,
    "\u00a7*@": 756,
    "\u00af*@": 757,
    "\u00b7*@": 758,
    "\u00bf*@": 759,
    "\u0178*@": 760
}